area_painel_m2,radiacao_solar_media_kwh_m2_dia,temperatura_c,cobertura_nuvens_percentual,velocidade_vento_m_s,energia_gerada_kwh_dia
2498.16047538945,3.5068051892164935,30.16526391858045,86.5201118639584,3.406041665812917,251.14035000573227
4802.857225639665,3.835771017095876,15.49173832917603,69.00066875672056,0.7171188884765101,1207.8896592240694
3927.9757672456203,3.5310314528302404,15.442471030579945,38.260112680165136,4.096288948952321,1871.9349819872384
3394.6339367881465,3.266107601271167,21.472204382990824,33.72284650301242,3.1121749506339356,1591.1697991250874
1624.0745617697462,3.3619076133018027,24.772863808093316,37.97625837966797,6.7712063973500936,759.3170379828235
1623.9780813448106,4.382336304098177,30.408148356155863,71.97228249449455,6.057792494526904,434.64776596829614
1232.3344486727979,3.6190011552173775,28.665907532130106,62.90964888563315,3.6459372819754,354.7597552639491
4464.704583099741,4.092809583144226,23.918054127534965,24.815645429397435,2.178925542549901,2947.9653185477127
3404.4600469728352,4.5102518125645705,20.472533325633318,23.928746826726748,9.880359661555918,2695.3115314498295
3832.290311184182,5.071184485888096,34.94249000315422,17.871651977071785,4.540016211961149,3364.6356704152277
1082.33797718321,3.117936419523297,23.523626044719457,62.82421757610705,6.88274235780237,281.58995139787805
4879.639408647978,5.398231196727128,24.02774048659351,71.14981297773888,1.4055296757836078,1618.33630195468
4329.770563201687,4.883701168472723,18.272476423833382,31.203714266000322,4.855896996593978,3203.2520399945693
1849.3564427131046,3.2452770958466157,30.89619097499859,11.675596882473025,0.27536719869465487,1089.9365684189524
1727.2998688284024,5.620735872320331,28.87364451562977,16.573733398114186,5.054551179104499,1759.2031955165048
1733.6180394137352,5.7626172015954396,19.41539225577521,87.42880278760244,9.640174071177023,289.16041498094665
2216.968971838151,3.1832338795645914,16.647620912316853,33.63558219819362,3.8420671298580023,1021.3064428389246
3099.0257265289515,3.830632944441611,28.60998604149426,71.53785182705069,0.38996012574911587,702.0306381871816
2727.780074568463,5.418603839379184,28.090224285622703,59.9730855083411,0.3095579091934353,1230.8602707449315
2164.9165607921677,5.244779071150975,20.465190539964187,40.555171172231674,3.879867599468695,1472.4248029333069
3447.411578889518,3.553563058069132,34.0172712450082,26.45498097564441,1.6002493646319405,1852.9786044525347
1557.9754426081672,3.628047970010131,18.021157835618006,19.710913452752514,0.23352096328185912,955.2618341040744
2168.5785941408726,4.111416308374146,23.64669602085204,59.20103744310933,7.562136139501768,821.6643681301769
2465.4473731747667,4.453568955573064,33.872318403351976,71.97070245102304,4.585230088818907,651.9478302132914
2824.2799368681435,4.854764314590888,23.394546338522446,61.512340283290456,2.8924477197265452,1140.2502852803457
4140.703845572054,4.106740918709317,27.77051895328171,52.42417065993266,9.000831830164808,1831.3324813081472
1798.6951286334388,4.3876041483994435,22.951887959255885,13.356097874530901,1.161389602005256,1452.6369306847585
3056.9377536544466,5.24241281440127,20.4843040469734,87.47910220755071,9.559188289553193,461.6590815503037
3369.6582754481697,3.110049608671794,34.67955295919656,73.89713533236596,3.139667173773528,569.556855343456
1185.8016508799908,3.7573108330320624,23.18668012630086,33.42576293607718,8.884036723086812,678.2329447404841
3430.1794076057536,5.140048757653657,32.881984073582686,88.39762634870806,6.029428764794615,441.1270969343569
1682.0964947491661,5.685620513061598,19.599092117821723,58.15052717090577,8.267073597414875,909.985473786138
1260.206371941118,4.5350323263469985,19.262094080501665,56.593812656579715,9.840131632104644,572.2081487489544
4795.542149013333,4.596340455795946,15.622681657690228,69.84585435436257,2.8840543781874572,1436.0325879169843
4862.528132298237,3.321516034019328,28.033336507517703,74.941583047211,9.61135485407593,920.2912184513139
4233.589392465845,4.3422371004703635,22.370526874475225,62.518288586520214,3.8948189490242036,1503.3318751379286
2218.4550766934826,4.59785179936507,32.28716499679274,20.247659709296002,3.8551190473692234,1722.4593468041815
1390.6884560255355,3.727411510904189,24.464198133831143,37.06140047955987,3.403871042545057,708.4518827031337
3736.9321060486277,3.807729692848143,34.363868558294435,84.24669122608398,5.414076073475852,477.6302599591158
2760.6099749584055,4.131852489313868,18.71051031406242,27.969248947508156,1.541450431784871,1751.9853157677308
1488.1529393791152,3.060213593333179,32.37246335911222,39.77336190700107,5.537114853580112,589.9463519293616
2980.707640445081,3.966237496749535,30.531937055834835,44.56615063553568,5.41704812410004,1418.683124047432
1137.5540844608736,3.634344020989634,30.41843689288104,45.15239917555618,7.6190181260487,501.3577717455787
4637.281608315128,3.982492056533744,31.895664562337753,59.03516659956204,8.336499619375855,1673.695200129909
2035.1199264000677,3.3592863954577536,30.220479818859978,85.4460670195766,4.404413503124241,213.59477844484715
3650.089137415928,5.671581842219685,27.524406432628307,29.2554169466004,3.0233324935149373,3136.520422161952
2246.8443043576435,4.780777360662146,17.624897553647752,19.720110104073445,2.5933489731709445,1857.8761851346887
3080.272084711243,5.037306957433469,15.650523589825038,25.797639188794985,1.9462383670487193,2464.8796517834185
3186.841117373119,5.367513715822015,33.41695695631374,80.95399201674157,0.5764758219902488,664.9357516028456
1739.4178221021082,4.495326596787172,27.33300629041476,61.664865012416485,3.424479788347133,644.9602155024228
4878.338511058235,3.260760864262271,30.930745819523526,32.87254313913281,2.7024769213078326,2248.3522589445265
4100.531293444458,4.611319625455643,24.630447030251002,75.27575511748938,9.664173858664073,1076.6448284205703
4757.995766256756,4.760523354062638,17.346163779247888,78.90959970907488,5.577088262500439,1059.1379974279118
4579.309401710596,5.23631842255299,17.50371584405101,77.72114709522225,3.4727703903050755,1160.8182675904015
3391.5999152443405,4.294978638689038,28.711305744579427,83.51412269116436,5.80467600993696,525.6616710358863
4687.496940092467,3.3827409083866913,23.606117897989254,30.179281613868927,1.391967013456955,2357.3110333278414
1353.970008207678,3.8513277173961735,19.010494534006735,70.40335429970227,4.4404374920220295,338.49323255865534
1783.9314496765808,4.0892468891959055,24.83189093482874,46.8431597819312,6.262343214210638,865.3251662173702
1180.9091556421522,4.937751723994804,16.284178741502682,77.35988423120492,4.888978317924514,290.7860259376313
2301.3213230530573,4.712334914006735,26.639428038287974,68.27925417292906,4.017788006543243,746.494052378836
2554.709158757928,4.068290177693539,20.379868088701954,72.11579571997797,9.938483888996982,669.0840562173547
2085.3961270955833,5.959545746378939,30.951182012743764,62.49294701448572,8.80314762148927,1039.7097498217045
4314.950036607717,4.817324458070662,21.207239178471475,24.19430155757655,6.234059581594401,3515.334005768882
2427.0133067743573,3.711680375207983,24.104402981636024,53.60215351175506,5.693773611822827,927.7036182200216
2123.738038749523,3.3053474178612112,15.232410798162013,88.77357916196065,6.2066047982458405,175.76410962073652
3170.784332632994,3.458577417552996,16.448937755891176,84.99104531976951,2.0131210782243327,352.6062297318893
1563.6968998990505,3.7378731851535245,22.849871128133696,13.453898863760934,3.951377432643186,1104.2672423350887
4208.787923016159,3.482044119778667,24.59877669434247,23.18518525835497,0.3945953289089932,2373.3726201819295
1298.2025747190833,3.559701072153917,27.000410962386074,20.538301876364955,4.7554603748682664,801.3472564525586
4947.54774640207,3.8552855060815414,20.833251574186065,68.07839279882364,5.4302458395766315,1348.0804260154996
4088.9790771866296,3.5201207858842647,28.89963772253085,75.4228263885556,2.277497361032096,747.9559529956227
1794.8627261366896,5.690296273879276,32.202447943784094,27.080909304853755,9.640288471655138,1665.33312845546
1022.0884684944097,3.2407012369849264,30.597019777866997,50.46821543614632,9.09454610937242,367.45171765051435
4261.845713819337,4.573534168710764,15.792376506967143,77.256242240896,7.221432354559059,998.1889822101278
3827.4293753904685,4.231190480968984,24.610138945156578,68.62412358130004,5.333866287653626,1123.965416338828
3916.028672163949,5.947135850725819,17.098603568363497,53.378976439347866,8.69969159647685,2478.4669554844622
4085.081386743783,3.336116706504157,19.84090031725055,57.22781523670183,1.3065234382346291,1240.1096561016561
1296.1786069363616,4.193566797137224,34.73325186534293,50.6688437533024,7.90509794274885,583.9620559977167
2433.8629141770907,5.908411299826106,17.849910858030263,33.803876105505644,1.248208139668483,2023.979148897001
1463.476238100519,5.596521377681941,24.97776306902712,55.20175942872129,7.942106625494054,831.7158623550457
4452.413703502374,5.451216212847839,27.36311468636238,65.11082416400725,2.7576756825135695,1810.0414502967476
3493.1925073102316,3.7737084811348196,29.049299410882078,79.86583326886462,8.770905810181889,596.4370641212141
2323.592099410597,3.5126627621701974,26.192973669738283,60.903308318339846,9.440420938253979,729.8876897304192
1254.2334011440946,5.005929659773293,15.195416948383674,70.88972296345264,1.4879596940511564,389.5321069135218
2243.929286862649,5.788127967382757,21.529226164879837,22.80573079636584,4.626756050653935,2202.898088681235
2300.733288106988,4.670288679041789,25.35423286769423,46.92459795358319,9.809873781626852,1313.2523295707235
3918.4247133522563,4.7148380684096995,16.757329982896668,10.746529586167464,4.834074359731466,3630.1549222942594
3550.2298854208525,3.8399372809808527,22.012538624183616,29.73430916172984,8.635475225145452,2185.3192442572877
4548.850970305306,5.308478799575811,15.66406217582733,68.11693720904039,5.887315221313198,1711.96571138973
2888.859700647797,3.56113124567257,16.571569943100414,89.34479610794908,3.753299079196019,238.83468879157252
1478.3769837532068,3.971037709212731,22.93846552403192,17.934247966977274,2.857835555258702,1040.6575354114834
3852.97914889198,4.27630931584925,17.654315080861206,42.11954526890306,2.0322309108608727,2043.4046704798163
4043.14019446759,4.522831136053365,26.35081696523116,74.00567749593276,7.617981913776973,1068.461414757497
3245.108790277985,3.727229197245241,28.789299382745313,26.32285077031191,3.8654050682302787,1914.2792994352073
4083.868719818244,3.3445104742176106,31.011733982181656,54.4067959441829,5.112754622007511,1341.5537902273932
2975.182385457563,4.831860127324898,19.0030048848962,68.64570368237398,4.9232548000118195,993.1527634169985
3090.9313175279763,3.8658916597207673,18.349651645181396,59.278836020814325,5.772790292331313,1080.817761911841
2710.1640734341986,4.743714664267837,17.091356806688005,25.04197876923329,8.655771456245523,2198.894281420728
1101.6765069763808,3.463088145822607,27.728604990872732,38.43076549485915,9.807393435834294,535.7548801067414
1431.5657079732177,4.4434203055644526,29.129514529738024,72.70334275883178,4.075842085738169,373.2276125365572
1125.716742746937,4.597768297654758,15.63172289651284,54.33812113056133,8.27518922106303,537.375955749999
3545.6416450551214,3.1554706104672805,33.7242449248738,10.418369083433019,7.645277946547177,2186.5826470077777
2257.4239243053066,4.009812834581762,16.03942567302945,70.8792608022475,5.735289514555733,585.300470702196
3034.282764658811,3.4032440308169227,25.82592670602141,12.824908395219126,9.56047143611933,2064.322680940801
4630.265895704372,3.1901249114183035,29.18121038901833,69.65870261849858,2.004745155284028,943.9793718671416
1997.1689165955,5.9698806971698355,32.41938247492171,26.19844481321899,1.0926421030962141,1812.5954878131815
2641.531692142519,3.967061534924169,29.281738642648556,86.64587840955042,8.539619669554222,313.5054565003933
4022.2045541721945,5.429623337563905,31.034561661395838,39.43526010416676,4.391498166337483,2829.6090444226656
1915.1926619664898,3.7639219642912916,21.78900385085612,36.15452930704633,8.469688542070605,1048.3610107049153
1307.919639315172,5.044508166671788,31.296502274930244,21.911044026595576,8.930902051954149,1148.8984815904093
2159.005811655072,5.280683579669059,16.6022969276935,34.44833723921719,0.6245759361907144,1579.2505134454125
1644.8851490160177,4.786916221823533,32.89633312121055,80.13206094625605,8.834647629860607,346.25181153363974
4718.790609370292,4.414728565650475,25.951847523074726,89.70674701017978,4.483190553694222,468.7015574061853
4232.481518257668,4.235522742441805,31.345955399249874,39.464762440547865,5.104324890042323,2334.446027380927
3533.615026041694,4.046604799628986,24.046365690366002,45.8888504763634,6.265925110932102,1726.6730377842032
4485.84236075087,5.788587432743478,27.871553903930497,67.76567505621897,9.263826067300867,1898.5131658720745
4214.688307596458,5.491858223363187,25.528053218722263,80.89566243720596,0.1911609442976403,928.4257428689743
1746.2802355441434,5.8950807319995375,29.631790435106637,57.44354673494273,4.768434683178171,946.0131141049817
4570.235993959911,3.3728916704566343,16.63259964061179,41.32205585422635,6.877220424305607,2030.113662026165
3157.3689676626027,5.192602425610932,16.207041679811276,43.0097472678899,7.227069576982284,2103.9466490094624
4229.7606206562505,5.815021370463113,19.94206468020293,65.64945171974455,6.92532431537108,1897.145539179766
4584.365199693973,3.5436991984969803,18.190893602263767,10.257461088342295,1.3443512940812186,3102.7962030788185
2272.0138998874554,3.1994888021003325,32.435671331844034,59.56714699678726,2.9939558837168123,616.7993749087528
1440.207698110707,5.223361947870178,19.384279747160885,38.43944083530859,3.587155254170135,1007.4024576526998
1911.7406501677667,4.723419339539736,34.51730511638263,73.53578650216674,8.04437207679505,521.5665560555917
2708.431154505025,5.525486330274816,21.737915835422136,17.439251185850573,2.7875987241455302,2666.993443311754
4272.059063689972,3.4193171298788685,18.642358313773986,57.05618135587124,2.1070496386720317,1345.0930005646271
4442.9223330253735,5.3858019355796705,30.79397014284958,48.4778311908899,9.574480190380962,2771.1390863212346
1027.8085221247627,3.6048819601432336,28.17415551001752,61.38604207241819,0.088632851134689,296.8945713496175
3042.989210310263,3.4909678285971135,24.96391432906278,15.188287558637468,9.978208556819782,2080.788922140345
2669.644012595116,3.492797393792979,26.107271018752627,56.3987029942505,6.768212988573956,907.5271486442709
1888.4312418829209,5.443724160694146,29.384035565445277,54.9187670367619,8.28469299449117,1035.3710562679394
1479.4614693347312,4.9955916620886,19.569094826625975,54.85280755329367,2.9461939634619316,721.3581267434839
2350.460685614512,4.569196274307358,34.92667832113484,58.279013327716385,0.14315277667059978,904.8817382822606
4771.638815650076,4.076491452370508,34.49586324293566,64.11743497810897,7.3786951856153005,1514.110385903109
2292.811728083021,5.631601622439325,28.00651372693874,74.39911997446158,8.341445970006758,743.0441649831021
3075.162486973464,4.177335322267906,18.990849018582903,31.585657610257147,7.404761319535192,1982.2452796245414
3812.0758355807116,5.449798318414731,28.604564848625827,76.00395281440497,1.428502873008386,1046.5346891932957
2454.518409517176,4.317404725710656,16.443968179583518,49.86045458107629,7.53427922256969,1199.8740800906528
4887.128330883843,4.130833288274722,15.613050044116122,16.164662330746495,7.689227821076409,3827.454943808044
4849.789179768445,4.38803935700882,20.153657770224275,14.684074339518336,6.585405156700549,4063.8766431152926
2007.1291833014566,3.9041336224924263,24.252459134786328,36.73906549568486,7.661159327955862,1120.7634228022077
2988.9940235695417,5.242828140528753,32.36545010816761,72.7917581689174,8.459214396777321,942.5177333502387
2203.5132392670785,4.508161170277438,29.54338139532616,66.61447477927325,6.136041142374584,725.7553213229504
2139.3619775098705,3.696638085440452,29.85413042399962,73.08919717379251,0.8860471396967906,442.1329003219631
1147.5477894181313,5.698723719823706,23.50986668896151,51.38152451532875,4.876278096672109,700.2389770641655
3438.2573359195876,4.151673664119635,21.91869985093926,45.21591983643924,0.7764933467160506,1654.9866646629714
3010.716092915446,4.630658583341965,22.420775259692054,21.796202136502714,4.075430310324308,2382.911538553076
1205.9150049999573,5.7194163328936405,34.752991274721154,36.25542028874492,4.071064891256277,923.3767728665586
2114.585856946446,4.872713987741976,15.80218382824965,44.72154929391002,0.6600984414024158,1204.0062786717617
4633.063543866615,3.350694122125092,32.34062992244897,17.08803437436938,3.488205339694793,2715.1101877876
1958.2475626678897,5.819496370840426,26.57350817144787,27.6489562168969,1.1099809879131484,1739.6785894178877
1579.5794883648923,4.883124159214254,23.77230838379181,57.85802352509911,8.082352100092221,737.7823048438808
2957.811041110252,4.004716843971258,29.50515320830273,68.85304913913518,9.476880259644707,832.9172510678547
4942.601816442402,3.4178162179901617,24.733378828494057,89.86780091143598,0.7231647525793861,362.04012242827304
1968.2210860460018,5.3820755678108885,32.468464761633214,84.64906650748462,9.551152072917015,362.9300366863459
3688.5421896235143,4.860218267785541,33.01403728022517,61.40521596281532,5.225765993367451,1479.894307621141
4046.4784613148704,4.600383275928964,23.434418537469107,43.69984426352576,2.9956567795387388,2266.830520293438
1950.5501759695985,5.681677749152873,20.536555944701032,60.894189176658614,0.7686207527616351,917.1061981896723
3912.865394447438,5.3657916336735925,26.847006571867244,72.85212944641856,5.006242680704178,1247.6087303506554
2471.132530877013,3.4550246391982533,33.24726691233382,19.466895273870986,7.945155444907487,1507.215889587993
3529.223322374318,3.9351662033866446,19.21324378011333,42.79239117570306,7.070864772666981,1786.4325394378689
3534.1188430435786,3.745467419443397,27.459331671269656,77.18418285084938,0.5022601146397376,631.1387923024918
3143.098736299034,5.231838877718031,27.63120440185041,40.70663615464352,0.7290183536790351,2040.7851083008218
1361.1590802176333,3.100597304207338,29.66226044830562,55.74978169817492,4.028732826326371,400.374695436731
4341.2099823569515,4.70966905461395,17.631353702545198,57.021548868975856,2.9529049404794327,1899.8085759806897
2283.120259886943,5.287376057222072,29.31649929364177,24.75810025069115,2.3238432305604784,1918.0541403002653
1746.074041599417,5.6302969102852485,33.18065041331282,38.97883533218307,2.810044989087136,1252.795919017485
1163.1005662190557,4.026245246147722,18.593662177404838,36.76090309935457,8.034827432968846,671.8715147628363
3363.5717727529673,5.463771914016038,19.750866498477553,12.095736682565184,9.29228053631854,3707.7631358373437
3710.2574473691297,3.3318952108656217,34.42790188083279,11.93534111130842,4.051026945275664,2289.116784649473
1066.3513157114246,5.539356875203555,18.619539054189794,76.53576349406188,9.061110021324971,317.4353513590507
3048.372233197124,3.382465986995947,32.08770186739159,31.845664797824995,3.21495701247882,1480.015780496721
1905.983100791752,4.191861871681102,24.845557128960696,51.44630129910524,4.764369863437916,853.4561810925709
3580.6911616377993,5.391886097338661,19.94462148806354,33.898045887101844,2.260289978159997,2740.6159850510494
1697.4657160199658,3.4497522820463216,32.41499802545023,85.25433960922724,6.404760421758439,187.22224151868974
3763.7509524098637,3.6877541856979246,23.90610510005331,30.7437407092619,9.78981115174809,2216.272748219692
2546.94138520215,5.166757705179199,25.296347078593804,44.37254501911481,6.034930960433787,1628.0936287238565
4746.919954946938,5.160109609638223,22.18466738799531,79.81842003876815,3.5781408411354887,1075.25978784371
1550.0837765839728,4.9234428986558925,26.85901702869855,77.3546853433447,6.478174459905284,383.56663003233126
2364.265404201034,5.0818453334013,18.270477451700454,24.888113427702187,1.2292067846538757,1918.4543484933247
1453.8940849623564,4.628173330042788,22.821630733035214,74.21146478365684,8.886590802653986,396.7918608918263
4698.774473114251,3.7553971767208583,34.38824644670575,46.65495093903141,5.030839507798364,1998.2395759478577
4509.357413523924,4.0370879805117585,20.16266865402255,48.637509766828416,4.49349742039642,2051.811714029796
2031.7665108606225,3.544793150404277,28.134733290825842,20.6783977932755,5.858647884535192,1254.0700386369556
3639.9361841367163,5.725351684000885,21.503801284493896,16.44812110056997,6.2478386278940246,3885.004782676101
4268.888800804863,4.750175384298362,30.46946251373201,68.23514455790121,0.7177580622651303,1332.5693152875501
3220.8032463978493,4.20255425029092,17.617473214366996,49.716892188423984,6.826172212234024,1526.850787660535
3118.602313424026,4.386017410932398,34.39642090157089,44.948056209214364,2.419316803155296,1558.7133312033727
1967.4091636018068,5.841850018835446,24.075790827672783,68.36065829219174,7.139526325065898,818.1662271375086
1372.4110712235968,3.4600542093482405,19.72100926692928,71.24103191928879,8.225347943841967,310.3764061558274
4588.863031813307,4.758689496050392,16.469934946600254,22.712653413548285,8.039585075525203,3829.1560268985213
4601.672228653322,4.517666036653398,18.395158101750816,58.8180119582113,5.525009674078891,1897.1942850853977
3532.4058290930716,4.834362706303944,25.395478971120355,20.828326582214842,5.201698923107512,2982.181934937888
2356.1191641948026,3.0543305514625216,21.740063528625726,70.11000688232366,1.4287596133941172,458.16247089937025
2396.8382984506434,5.616371726832455,31.57766731765219,62.55641250137116,7.753461504031356,1110.562407487581
3903.8227154809574,5.7963548474508375,23.617750473236118,86.52916968667664,2.7140938044671437,657.4893926980387
4588.441039810308,4.695399550767627,19.9742854517526,15.516641308513694,4.966954228179466,4012.1833488319767
4548.345697060469,5.089952471630677,27.342899732080603,14.564377692100345,2.842740929275167,4231.651485968924
4119.502183430495,5.767498143531887,29.135544337708914,32.57496597545601,1.3382836299969314,3352.7560380177597
3568.126584617151,5.1217159029401955,18.340838158018997,30.936454698872478,6.2955769689173655,2817.3389213120076
1336.5598599801954,3.457617128742784,18.35238432576635,29.758303925759986,0.5433203482290383,685.3822024141566
1646.514856378455,4.728865080500439,15.733428538670859,82.50036644168293,7.486452341262,307.55624885847374
4594.216754108316,4.8201451391485675,29.72804030131281,29.963695987960488,3.1758679526111666,3296.857181358651
3425.7162386383598,4.272392013907158,28.276090552436102,31.75597809029048,0.0013469300448532007,2070.0625491817377
1036.7882064665187,5.209332706874168,24.492617514996276,70.7518609934371,5.111291392372298,348.6896436775949
1405.8861714641284,5.803101044307045,31.883408979383944,45.9791873960432,0.46851908527603126,904.2640988334293
3654.007076432223,5.7767055387203285,31.113403059001065,72.1368445564145,2.761695578208995,1238.164630472393
1020.2463353848748,4.352518114212396,26.707087287935042,15.22929260515082,7.069764874557162,840.6242152285498
1643.2322056699945,3.339714137522266,32.36542561026518,49.005695493870746,0.6268962162186587,573.952504699658
3194.9351574663447,5.954523596887004,19.116824200735365,12.68908801466261,8.393384923560024,3780.9389681488956
3767.580790770773,5.516694259337802,17.23839238795456,15.012256276428362,0.03819922658583108,3710.9315989481493
3607.8450380104023,3.3739880436098004,20.394992230339792,82.51499626755287,2.4682386920190225,458.00024498721643
1897.0772378422391,5.762525647852117,16.141737121786296,21.139629689407613,7.409040561520714,1944.539764469524
3848.7168853901435,5.609689086186385,25.62339056002064,52.593654582017365,3.162701497293068,2211.8157260973085
1948.9963499872001,4.5565141713782165,33.73211384589923,42.887648208056525,1.0189238806601353,1038.3776653648588
2301.598792637071,4.7738263072347875,15.786870813370193,37.78746610070741,3.6023391880042785,1487.1780979968648
3985.9656204720964,4.197008111610391,17.442198280200536,81.9866676549818,2.7039328638452553,649.9407812254761
3598.5315961888587,3.164284916466094,24.043980565668704,11.74587174203916,8.427119021605549,2288.1955886331284
4396.893641976712,4.005591724937703,33.6775003505581,63.10317489404713,3.1334791758514315,1358.5587040950256
3630.4515692013733,5.408560345794035,21.32312209953501,87.07155473708403,7.889324717760072,575.1569842425095
3273.2344133418865,3.013896069013809,25.144696173767848,54.81345467694736,8.918721448107348,1019.0251750975566
1374.6990713123698,4.000497515073432,15.831457181007842,84.94579696264735,4.338174195765295,181.40194566718483
2470.863212237734,4.19450608077283,17.966864019241775,14.180630342881901,9.09943143854392,2037.776896516821
2060.809470726902,4.612186808813769,34.73260245917694,43.50346552593291,3.7731805396319285,1124.6717790412206
1975.9585735163344,5.759566849238281,34.30237392872091,30.812623276964093,9.640784164901081,1745.4915432935052
4892.0422190097825,4.0390379830978835,15.098799618688192,68.46567719845838,0.8928952452557293,1320.175054462312
2572.3908986670417,4.0408596056886825,34.03623570846478,88.50376723977973,6.870192665032428,258.4960384334422
4568.186220708453,5.212503744329245,27.78239875631001,30.522404995539823,4.938140404569287,3605.1803413658095
3524.5545039890517,4.356653822669422,32.35836589040044,62.333968117925956,3.8764880545564706,1224.5288441029602
4179.2452141665935,3.6738144688199457,24.09479711267718,25.84781062077921,6.327118787486009,2542.157142295915
3010.5483724207684,4.35731854839808,25.311920571585006,55.22642036572879,7.038570916343312,1318.5728678496198
3307.6155385054362,3.4225710611394,24.776931605138405,47.114598935066894,0.04363269650309087,1257.801323789119
2970.0707752754556,3.52916095951867,28.337285150922085,87.76042637052296,1.6695308874719872,270.2577563216624
1780.971951192178,4.4951033182184394,17.793025095126257,58.68218181571733,7.130460506343187,744.1601414963341
3889.8084610460214,4.256776348513643,15.599471797453559,37.960509766945506,6.663854135782064,2300.985262755144
2123.089449763423,5.7445377032043,21.158598831823817,19.12766279103467,9.660475051286772,2271.395643313285
1097.2638657258153,4.0871816973499,29.093615254732935,22.099746298794763,7.61037790250783,776.5638005420565
3581.889183628671,4.741765050834131,19.037069042458967,28.025354396098805,9.50772707731338,2811.2260704479963
1708.4427176281956,4.896792863758591,28.468648666498346,30.07733290722384,7.02540501534807,1296.4878861644347
4761.8343374116575,3.039283369765001,34.398240922145405,78.04928462729103,2.9805220863944317,661.1916008700011
4815.71430801035,4.990612116050132,16.878014315788366,54.897823062601994,1.0536492225085647,2300.2939199852253
4659.457560881794,3.5341079006092544,28.452042364502525,51.87127290994931,7.818238633449356,1769.6707349081462
2480.6348010217775,5.883210952408366,23.875004386091423,19.181509749537398,6.441492214759159,2636.442084503804
1061.8264661154697,3.445988183259339,32.362845087550106,78.8111754679548,0.4818601239329623,158.7809702742991
4713.274250350902,4.243872371181071,18.542995788947717,67.8251442566787,3.6005046590097836,1400.1765484941593
2712.7365932692574,3.2560490042359316,28.85251904452329,15.413468952000127,9.567998154842861,1692.6149856330806
4866.619276174679,5.990622755537842,31.762305792962206,66.62680777838149,5.0040114571020125,2087.4359002666893
4854.4799083570115,4.506585030993728,33.892284389480466,53.483057387411684,4.327291360197046,2150.254011589703
4412.03782186944,4.786155051960131,28.664960565792917,16.538027659742262,4.57699605159294,3813.7855990557478
2177.7955682783427,3.2012294321652823,24.94349528016855,46.664051322292515,2.0888272400516374,797.1709143889639
2540.390914407701,5.249881411197533,27.356944804024277,48.775702970403756,3.6870717086479523,1473.5202212927634
4404.546686067428,3.629716779286757,32.37809968957436,23.26196321306206,3.698132559871766,2592.7751915993244
2267.6880206251108,5.694162868322142,26.412194932776593,85.65585176002259,0.523550201874724,388.7898152582099
1677.9709867443698,3.6154189214460217,15.607741193936738,77.99802971845295,7.675676285179183,301.81550759451443
3227.2050498334006,3.5720631619909997,33.61897391013956,63.521786986328664,4.16504431903879,888.1445664977614
4744.619096643124,3.1096490035442845,28.790535020631225,46.98364488004857,8.221798868164234,1750.738852188598
3784.119186699892,4.416200835329998,28.53026771554493,42.941243326760684,8.503480011198954,2142.0148293779525
3280.24468035746,4.694523399787849,19.31350304795434,62.07787737207633,2.1199405469865806,1252.334180931295
1388.705975083074,3.197125918285057,28.177709404653143,53.634549552552436,6.573534821701285,454.85980813603874
3460.028906796679,5.326582850085032,22.877288113083168,14.98184847055085,4.722818041629817,3445.8842649710045
4960.215400417053,4.359866504244083,28.02465954082984,51.000211901626535,8.80156737921485,2391.861127159477
1560.336060946096,4.57317080798274,17.131860606159815,74.51228937862716,2.157406791764541,390.1715066348229
3073.318609454947,4.322288240814684,28.156906092060723,46.73919020775664,6.778132003100442,1566.4324182222324
4509.492287711822,4.202289182625978,34.98827451541333,14.156526204341473,6.077521222527226,3479.0123908800592
3963.074471016818,4.678920993924653,15.96424077721112,72.90225595072265,2.953014775718328,1086.3491902303554
3788.062963981072,3.4657207377921377,34.54348368442635,26.10910257087795,1.3660090365117261,1986.140101317064
3809.936335948437,3.5457843914858134,23.13815921445741,30.689666791043102,6.516397604772766,2094.4200858362515
2437.964604879021,5.585356863040552,32.415069006745185,23.17650827458367,7.385974581323307,2289.0908732678977
2174.3673770579735,5.838346386400898,30.64770968116547,36.4172051897198,3.1562734376334998,1709.045951423874
4237.444621914055,4.119927948839258,26.340325219733355,70.5401204550908,6.448326040223138,1143.5314333253154
4240.453578716722,3.812234019430661,29.768984185026532,51.550868760314984,3.9513090761150327,1677.1136967706154
4468.289274320415,4.9319986297170475,32.57031122602696,26.390501932057006,7.132068832826177,3539.017145028201
4652.962210225885,4.2262025132942895,23.082806433020657,80.22640625216327,1.992152748940531,832.8206591190212
3045.369595443751,3.0761590669810346,21.540663231264773,80.36654839612234,8.902150026361744,420.6309272153304
3006.0651787487986,3.468457792098571,28.351867711271694,79.64627400368056,2.8740959646557975,452.31592602701636
4193.180715867101,5.147916686542192,31.15691883882517,29.10369691052314,3.677859877561529,3249.933138276786
3599.855723111061,4.976771825730454,30.245702695532316,46.099147534479044,0.5809195208034978,1996.8878393339899
3807.8675090308134,3.0812879775104505,30.956272977172688,88.79917249127001,1.115122123212764,272.4126515270069
4183.170677744404,3.6659164857988484,23.71166629625866,71.76099810479923,5.158619027123281,956.316530889041
4560.021367270265,3.693224389764214,31.35668432350043,12.173393698044785,2.675926767279715,3108.143724002656
2351.980627406143,5.015678230796185,17.404181107412168,15.216367300839364,8.354802257421944,2275.846083456576
2502.3318105597764,3.0591316132630926,25.88978195921699,47.114510144986625,0.14693388654953843,848.3754169643539
1375.927759363476,3.3123257459537214,15.115173209962432,82.73761646892481,3.7909404867193617,171.47790791736176
3313.1205639846958,5.399748256119568,21.491716598005404,53.09614383621714,3.3734554676909267,1821.5774055489887
1143.7690951869683,3.535633986163001,22.32923069742796,49.82500064274322,0.19327630917601035,426.9243305683571
2862.3920725298403,4.958238323555625,22.923453832185107,18.437895996530447,1.2436839900051022,2461.1165055498227
3170.5785388303066,3.7145483431401796,28.909344133797244,62.542408377943524,4.136426749186352,949.6453856585155
2146.1650085131378,3.2983241782780355,22.771162025406916,75.76825284801804,4.928645844474467,377.9675709799646
3363.333042276043,3.7295165729983624,23.973872452450614,40.43360060060499,4.042897472548691,1632.508674040097
1122.0009997561976,5.166800795566978,19.75088261748655,72.0489480740262,5.309376784120938,358.34343800670916
1149.3927549968575,5.567089404318857,22.4650358325868,87.15813231206494,5.951316749056815,182.83127814228206
4290.402242638633,5.490659593700975,19.545392545263027,26.301316730215127,0.0992382112783563,3649.4912451995033
2440.762565645052,4.191550588855364,16.46391847536887,51.866370495579304,4.640951594535039,1082.1060668360058
1508.242050607539,5.004255409711939,27.06897186762756,32.971036646766045,9.634992408875883,1155.134017069789
3088.9730402192176,3.6149528862474627,28.364255971100327,73.42835352270714,5.190322801295487,646.6158063237681
4079.9742123944434,3.87944319078304,27.389806920192292,56.2074692704926,6.775422674589532,1539.3804340499307
1863.2841099873726,5.68900745556336,24.26988087601145,60.7665934040243,3.118638579168832,900.5919646053866
3491.561903276001,3.039005770532208,22.595715603584594,73.83313276927153,7.739913781527625,628.2014292925477
1341.3898599750719,3.2565255925634045,32.26667299143651,41.677637812996394,7.729214818761151,559.6117302338818
1206.7268846744307,3.623658765438082,25.38163570272436,83.20720547256346,5.212960476541389,161.99600953341493
3125.418526272592,3.0795966116214593,24.58363755259462,52.6423093796912,9.760138232792135,1050.646144981018
3162.540486440426,3.5443063052693917,15.512841316128714,22.63638582682784,1.2555021476265338,1843.9197592444727
3549.719605992826,4.749124682909077,21.824956552523126,65.67192945350419,0.16947664889580993,1217.3395007950378
3904.3653348906464,4.2642736517774935,22.60391237571714,73.46090803506036,7.701582117570959,999.3622776325554
4903.408317850139,5.678015133230924,22.976455617938008,35.34093416540213,8.071555373648826,4085.589489482264
3065.201393204781,5.452330685215323,26.603447384546648,78.57434055990024,1.2020722912057624,756.118137029577
2291.8258917649837,4.025452055093628,25.67205093453757,82.4914603812613,2.6558283295860607,347.2802340115411
4180.744779074815,3.7782703002938773,27.158101855868892,32.15235899022471,0.1755236336662891,2235.1005565503783
2083.329005048297,4.139077224501801,30.297665230842565,88.68171781721776,2.933086107805647,206.49726314880954
2755.8856828225444,4.770884827544423,31.25971477432187,21.256922243900675,7.731418739186715,2283.607691133925
1313.8255253690638,3.8041909224686288,29.362461524529888,26.1612534721992,5.179605277125789,800.9213580812486
1101.40297366183,4.872446723547402,34.110473919098695,24.73798713904209,3.480955931682881,845.7204034323643
4850.5936587117,4.228234956573721,15.364651653527233,81.51917680062964,3.717392949063303,825.5553683503038
4343.920482048823,4.6561415425559405,18.915559713670923,62.343404185996945,0.013536257154681541,1599.6581223941375
3783.896824374792,4.30837958740595,15.151257499562842,22.168342657781828,2.9980052756523587,2744.464595701105
2635.81177765708,3.883397278625753,27.949494283092058,45.22587346946792,6.464587416379305,1238.716394533941
1693.177280283383,5.8453599208864695,32.96061097899974,59.22384200558416,9.741944438163571,900.4466320712075
1625.7481706843441,5.290817382479283,19.869645931525987,16.677126799150663,8.470608269838994,1632.5694042916216
2000.9715926583813,3.4203395272993578,33.54069089592613,80.5933094725871,0.23594964645529126,270.0277339047797
3196.906658824482,5.605403927693739,16.205347805791217,74.28828283532282,8.985606046748394,1054.5238100468302
3858.3836908002495,4.462293594748541,33.68872053611028,50.41654188613106,7.83198413298626,1865.9709219611748
3640.789506870925,5.683656680682274,22.03245374479269,87.37012922073363,7.803761235709804,591.6645143755832
2119.7355877837713,5.3995657678419455,17.02841656898433,43.420878342007974,4.579957590035715,1422.2124749088114
4819.461122652776,4.2756405134077005,24.717435183726515,88.72882552291982,3.980052929545028,507.1520279064192
3951.587666783074,3.067407924960352,20.13553135441016,63.43359990429016,3.029157288331926,958.9695244600905
3217.416210045603,3.8060320781548382,20.697458039238455,60.77370186031531,0.6569485895436578,1015.3600460284384
3446.8829849374088,4.624902643982601,21.14579929852573,23.2763916236628,2.282353634936991,2627.109427990966
2678.4002497111596,4.900434659478442,31.060517956653268,80.55422066437151,2.4660363497802464,535.8913576104744
1990.9239580046299,3.7736630562996067,25.78322553350509,44.19917503364921,4.840770697102016,920.1214904916845
2423.890714605046,3.4180682222184724,21.22615398312007,22.978672462598347,7.4744440659669396,1440.2214127076627
4031.3844418574763,5.504790710397897,27.206675666218366,11.008601598060723,4.7380982839794665,4305.430975474476
1057.5739545190236,5.953206542110657,29.32301348446387,54.7804546910706,0.5784444944716061,590.9307166972941
1464.290562027665,4.5770705469080575,20.452480014670677,52.19196976981411,9.57789800988204,737.3233369060613
1184.010568087011,3.5150378575449106,23.270982030507028,67.54828978953269,9.427243190941123,310.3615610363626
1162.9152092758804,3.816921979558107,17.43772186673895,81.22064424142417,7.851895431484084,188.7943961648663
4421.842336044028,3.0551720296424003,18.622986990693605,16.352526771442363,9.913279015642205,2608.3220236884354
3814.6314375200946,5.742896419681497,28.622357079299654,68.51971922722899,5.444823328002629,1504.9705782800656
2896.695316349301,3.3532532486704234,18.62876695391254,24.99295552780658,9.627683502532062,1677.3000361037573
1391.3366426040059,4.729549426542761,25.503267673341202,78.65416425257311,0.7560504061675077,296.6063453943754
2966.463500467329,3.822165662061618,29.180925234448654,75.52508110893248,3.656807482613713,593.9672116059811
2893.887083122263,4.6625340075473805,17.137538461894877,53.26350039884355,2.253812680067658,1354.124453784135
1692.8074796400606,4.954261165055593,26.346244392578072,66.81942388986492,1.9583308413427003,592.6078698310291
2735.4065969518924,5.4892254111216054,20.131255674027276,35.14800905469987,1.4080294889267608,2073.709451246025
2594.018937589494,3.6192638152818097,34.2585375047516,47.69343191462517,6.224136415659967,1054.879855751151
3463.400392208866,3.0329874859754415,24.670912934398494,75.73095181683773,7.813218557473051,577.1881020582606
3540.374603470575,3.410656890206422,31.119850995503164,46.741215773857114,5.782983994203606,1393.6382204969625
1181.2160390881781,5.700055925544316,26.004530843125234,38.623861226035345,1.4696270958820967,877.0307288159737
2498.450458505885,5.621670232687546,15.868250657096382,49.53699578002399,8.111237699334708,1609.1604299647813
3503.4396628569457,4.7922393065109254,27.663027511880447,76.25994019497747,6.359547071637285,880.7644029486432
3012.545034320351,4.80155058130096,34.028066844133136,36.81664378966982,3.881657061269955,1921.7742228942411
4425.959364753289,4.995110023638766,27.032236402926625,23.900927450859506,6.74130295536063,3740.5792101472844
3634.77452647578,3.5261138358703485,31.383777188535802,66.96112162646246,2.5990497924283282,889.0535690084682
1651.7377083257188,5.743235837774879,32.68412926696816,76.07825701664655,3.451922084942105,477.84854029729496
1282.2749896017194,4.25631157467622,19.56159543897865,18.050998281882666,9.174858431319903,1025.416221165597
3569.6771128252626,4.149415584748493,19.240896798164535,29.189929020475578,2.905045056714204,2266.558121234824
1106.0452421664872,4.556753115848513,27.219619777019837,21.357759180879512,4.699882681579366,863.7273404471217
3343.1023250938533,3.1408979003251654,23.220569396134096,37.83531292657333,8.901411373960146,1492.7945597341165
4760.92096569983,3.4988501062682382,31.797226057334406,46.02807831243301,7.077213502675274,1966.6589911420494
3301.8967115035157,5.214100849279111,33.00046246796022,69.90610695706451,0.6220322616470275,1059.7616276655806
2552.679704826088,3.2483960037753796,22.068427586054362,62.09180679053393,1.4730304427897034,669.8357209010633
3573.1528737694125,4.809456328399165,19.73741117948964,59.67428539827449,0.07841590771916818,1456.4291827226334
2833.0115619660664,3.736047329043963,30.610510304877238,38.18999572877235,6.309217902291634,1427.7501800993653
3182.46715726374,4.167886842125929,20.49612071096272,77.3158042467808,4.4767342541041835,660.1492282116106
4765.859235106101,3.8660812103120996,31.45228637027357,47.70297339185316,1.3427485090227553,1997.7686894277592
2544.410551203097,4.067018149394848,23.474765072975256,88.32839504121236,9.579341210567705,277.93411535892534
4844.762255295656,5.157137715552737,28.35099798582941,60.73137106365895,5.296597239456199,2140.4245445146785
4621.402567824255,3.891365146869525,16.910706276693364,20.101179325160217,2.418932941128892,3090.4071272457945
1783.1645391571858,4.699213920890692,27.477186493531462,64.09420496603472,5.006035711547075,656.8859363798829
1277.4452035006618,4.428151206597299,24.035353574744583,36.00832123453592,6.796203327351078,811.826706391981
1403.1120055097067,4.991013496087945,26.732169263509483,64.9061757348878,0.7623921797356448,516.428244774795
1072.887302606199,5.810489217974274,18.36028415489727,15.57129185299246,2.74703815047892,1135.6527464565486
1377.7718430237137,5.197716291630751,29.73747489888364,23.990514974076753,8.069654908839937,1211.9143048379833
3732.0270936654274,3.64482113577227,32.25594155086457,78.4589807124629,4.596648704026612,624.9322294120574
1284.754593840916,3.093549405183854,19.334796001815512,28.17436456188119,5.465771420322949,632.248111388205
2275.902521175045,3.786792132899475,16.914291110403234,76.9632900194352,4.328160022094693,434.9771272544819
4379.501243877818,4.785233792100764,15.472771720926728,32.34208707635283,0.4389994264300512,2990.6671756149663
1093.0877429433035,3.154277440452751,27.83943000886532,61.43055280469661,1.6574977982015593,280.6701447083612
4257.873930355743,4.4890987416037085,27.141880721775614,65.53204588078648,4.455416387418909,1432.7844632575216
2127.4190990935995,4.790528546750668,25.9339482542814,51.012380251604235,2.0918546540792784,1066.3695619730588
1472.6593104866251,4.002731672450882,19.63894192231951,34.4248541357385,0.49979028659678737,815.7977077013685
3786.9486614566026,5.312736611237465,22.81811991811029,27.01155010968769,8.436496640518238,3343.9256765922555
3515.771387119536,3.3197947594013155,26.88952670372346,12.655148364994098,9.811925291641158,2333.1521607838736
4509.888054108212,3.2254133452074263,24.93533717718339,34.31571209925791,7.931428739967394,2165.6080499296245
3940.284175215543,5.18456626861081,34.755710404297744,62.25302324250264,8.53784921704667,1689.0236054553905
4213.923721539394,4.486473948618595,17.72879505113466,85.06438547587861,2.419771303170454,607.3206008624743
2128.138290285226,5.065207189283209,28.902891080951875,79.69635858104417,9.606269755131997,495.8978102837652
1709.7581751188914,4.304482015811239,23.086375362085843,71.28518212282421,1.9692570445342839,452.5329456264081
4002.4590065634334,3.7392060997173204,23.563992298512296,73.0757874602639,9.514298103618323,926.7005590951508
4227.338957069056,5.457306953022599,29.351955313163526,63.19879227807962,9.94819293965951,1926.1416337308053
4962.020568002694,5.398247636906937,28.84872302648739,30.82294860528024,7.117228057460487,4104.063908123866
2650.470707645706,5.08408941256328,34.825119874043764,82.57560245646638,9.81143731791822,520.1737167639554
2488.0723431711326,3.816435411689888,17.567885789082503,63.658584952466725,5.695397795671036,765.9459544570277
4105.651842967987,4.770692000607261,17.082192987683328,54.8352504784352,2.595417831760903,1905.9449957501758
2363.2141610120716,4.082921690820081,29.48677634257482,18.879157537078484,4.369958856656209,1684.7531230866036
4723.029302414259,3.2747462199799022,26.56773834012818,45.764443504514034,5.93560935378786,1854.435098069603
4433.651007372047,5.751940726386728,20.48321333119612,46.8286616961541,0.7308156202701499,2868.369814595283
2715.976109500073,3.410455892756884,16.588387379779732,79.16508876181359,6.223432646172461,430.4965383924581
4003.4842711659894,5.850712061462407,16.71316499192861,53.731857615023074,9.811778367622946,2499.177686860446
4018.1714963387294,4.338017318873867,32.883817493282365,40.43204391763277,1.9010764978372763,2151.861544986662
1412.4954753437305,3.555398786515859,18.83734649437486,88.14402628085274,7.925951162883833,134.94530917634916
4610.211626718266,4.625702842135075,21.467431242310415,18.857647466105256,9.078987937796194,3963.7529759283466
3021.0094897914287,5.618837507629225,19.533128044539758,43.80387426495557,9.437015928202207,2192.241904646172
4305.829864430967,5.196674659228684,22.09992611663875,13.361974013712423,9.601356044054473,4461.965055947927
2280.198404122447,5.419683443584349,16.38847685492187,69.19232966135442,5.214596387214719,841.2027906847754
4582.092913984801,4.9763501001321515,25.38119581816541,83.44612417593206,9.773079079915037,868.814262302164
2556.8067149366525,5.076829693553558,16.3522512718443,32.40298636403915,7.573102071344389,1982.1704162420574
1043.3506059211934,5.547586954695958,31.007130156447232,78.66733414392966,1.616714362369619,257.1586229111507
4621.527905677054,3.7490040265775577,19.67424163820866,33.37745843695182,4.7690010646797,2539.655333726594
1365.1467071445343,4.468274890929422,25.800238292090214,82.86161293151322,7.18331175372004,234.55421233811944
2277.2545503616593,3.6636283254588067,32.60158175122916,70.31695228774271,2.473403158190833,516.7157552444728
4800.24786820322,5.9630040239899404,28.01754738094388,74.39254214731508,6.406151835488874,1618.107440000534
4802.428587750224,5.83217801905984,25.659155731026708,11.44052444803636,6.666004790466192,5541.476091532251
3293.7515524931446,3.1182804341055177,21.486675062307512,87.02482856592208,1.6269974380856589,284.4117279617623
3527.348848679197,5.116725517547065,21.660038261163958,68.13367936562585,5.650853124527563,1276.041378745958
2793.782087913279,5.775744952246997,28.3897391039638,34.380087630890664,7.716269109786077,2362.6963656688936
2172.843086792258,3.5417260353820006,34.88278722442335,76.35157318870776,4.988956645359419,385.38231660363846
2314.6581814796637,4.703835691657888,28.236783796987574,32.521695873194396,0.12103116776107425,1524.7133038640222
3690.0738243081537,5.746464892764125,26.1556683474005,79.82030716529023,0.09038469079292177,895.2611960739598
4009.49811775072,3.1018379357573966,29.61301020478492,19.00643123295496,3.570293439700122,2150.431823267539
4166.316174903394,5.09226080174052,24.30411224567436,66.29487819686366,9.26194068431782,1640.7672111834395
4158.472571178216,3.8920470221176524,16.202846852015703,53.25587813159282,2.286767796036088,1625.090964119009
1364.8244121947614,5.773188586129591,26.245936317558197,17.722757615635267,6.343636888716872,1440.5662400528201
2977.681218810326,5.913174735496103,34.1525056901076,29.35150626070712,2.2207587069332058,2572.5412059828755
1230.235040066577,5.832799467340301,18.50605884715319,10.992322902185183,3.216699896595486,1384.4008887576365
3198.115529294942,4.422642649972391,28.800097816413313,47.50143723716047,8.48042089601484,1665.8731777114508
2766.1220054935084,5.58612795296794,19.018673773181128,34.10122086080003,7.288614422699469,2294.2065271370134
4550.816731033199,5.5336481956052115,25.716553689461627,57.868598743820705,0.9539927731321063,2242.8644187311006
2403.6600502083147,3.9573014197297667,16.93352899293439,33.77902461668938,4.287020209864336,1379.4860174782368
1468.2680657104233,5.486746422452033,24.007418725163703,33.993528920558774,0.2916976364526447,1119.9304019140284
1571.9667282113435,3.111022904146478,30.12326657790492,69.45545589852827,4.80890146603009,322.03656374331507
4046.042526869889,4.788809635446159,21.951430484779642,13.851426878268276,6.62434011701068,3737.5047760003513
3472.872253265044,3.6900265118631093,28.29823448974436,82.23159961535897,1.1850262359815156,477.45716932691084
1404.490704491161,3.3617006573318364,30.908999215794584,78.18110995129452,2.8888493890916567,217.32511926820555
1336.4272244599897,3.2308596048876277,33.54355638958906,63.42437465811252,3.9783662550215695,333.05521303517173
3803.87652583648,5.0888663276344195,19.69284163710907,57.45772560859074,9.195310246560497,1888.3889048807537
1291.0520254567741,4.019624891304199,22.986318316186164,81.38419985117218,9.93255015422964,223.0265547165783
4287.440237161425,5.174300314586285,18.04832026660835,24.826414362297157,0.44911298995615856,3517.874787375421
3824.968908625985,3.196069022396827,34.84967004316751,16.31753297526629,7.61007923495392,2220.7207935781425
1325.3951225675992,3.945871013491831,33.54001935848591,29.16081359276305,3.717240664023432,779.3583968023645
1339.3508563407677,4.618473877126012,25.79914260561119,73.56626229601522,3.9245818622948003,355.7120124123425
4946.558314004702,5.372169494516891,31.840665887528424,12.773621338118666,7.542649733470227,5091.569149724347
2497.0831830244815,3.9562575087962095,25.41915954544084,56.62454680667917,9.184264321454087,980.8716175137597
2482.5685882675634,4.8776741293110275,27.471713760055195,89.63500129530479,9.509285945025484,285.78429489178853
4251.19826903001,5.657933244708561,16.78248864232033,78.45568750700315,5.771225860383208,1151.0353232462971
4788.994309535435,4.847589564546913,30.10540840993616,51.71565512348715,3.571211593005028,2388.218415907707
4944.004255291484,3.698878424260901,17.554269672704695,15.091272742931388,7.875490858587792,3517.5744942401275
4013.5127410357663,3.073202344669614,31.521352605050566,76.50988115085678,2.5100138326230024,607.4457174459233
2505.038342123663,5.61029662170279,30.640561753407717,57.91828065417684,5.640740288335177,1282.4295502390178
1334.0028667946751,3.0638082325511613,29.174893954859527,19.19463976476535,3.5857846152487314,706.4219636798911
4108.587663709747,5.624105018052598,15.723207610495242,17.508582785868498,6.566310737078761,4265.73596043227
3233.61699894322,4.586811402081636,21.06256711890657,82.7701455549274,2.403989128935069,549.5626902472343
2696.8880369879053,5.817203095538689,20.262251398216858,63.536021035046275,1.9159294573482577,1224.3414843426194
4625.417540378944,5.396349707320996,22.20272814943038,76.34294394534044,9.182390866754371,1353.89075588427
1444.7899292246054,5.993802331600012,16.752854935276773,80.31831202258138,1.018036829495369,361.566082311588
2970.5004171634364,4.0521354463551305,33.73915646062126,55.74178816386578,5.059579077349317,1134.2511256822177
1045.4145790696762,5.301564866793381,26.076044814247524,51.3957081404033,2.208527829630089,575.705480614665
2874.6425679765052,4.205792740827727,21.11048621316047,44.43419282567922,0.3892996332566745,1416.2700332779873
1225.2131027273495,4.439626860911726,22.939630341485667,35.355727023289546,0.3601881829142639,741.086530971432
1475.2716650722878,4.882516389655111,23.944050810096712,44.76767686869694,1.7522177210582734,850.1042743048989
1470.1049871084197,5.621031342559016,27.011886667212345,71.91037245841251,8.667703545060002,525.4373954131016
3596.841208464254,5.9522504075978855,25.313588553929954,58.15387448121052,2.8247874397702666,1932.1005588938497
3984.1795170616933,5.304820241593554,33.38783946428835,81.4018631963877,9.504591705752958,873.5935394289714
3333.4750603886387,4.253300346502002,24.939269658116604,45.47040115033502,5.816222929891936,1718.0156464540564
4848.690193898168,4.264071006831211,34.84316029646625,58.56716629750032,4.366141897687661,1803.546632902337
2499.482318094816,5.212746904766675,32.028499154901915,60.5046042473591,5.800888346694546,1111.1869042202873
2142.848345127443,3.7163314373049072,19.170210287146716,57.33577298450604,5.166983852262677,750.357918776947
4474.396512757841,3.3314223393941838,33.61190429287832,66.2107018468413,7.587762537573251,1098.7562107302892
1894.3833540778105,4.06386647292233,17.32732795770952,28.994677469984502,2.8249606597285224,1180.3642569204153
4852.890157762446,3.861716974962245,31.348994169823833,50.98910220366325,3.530503916003024,1946.2085817366076
1048.6178987592655,3.8889243613679705,22.6124658695316,18.337984224667814,8.940943025332507,761.8637038969129
4879.515306830556,3.70082325314973,32.55948640890139,40.760906211585,9.464565131504054,2384.74239610255
1172.6396478023044,3.1262795689090854,32.361133802149006,49.01336548970115,8.925582274864745,414.97150588145485
4564.572454792284,3.053621804200241,31.118508002352424,62.1779407636378,4.194479939573136,1125.287162236365
3110.8044363451995,5.963167169208095,30.800608726141228,86.04248420689628,7.803655030068817,572.5523092946064
4971.859184477202,4.283319401207587,21.093582781960816,58.05208532386847,4.763357333010988,1965.34301070248
1295.1862589415955,4.152979941479045,16.618385661025044,69.48751329412478,4.975398521461022,361.8066056497083
3215.417137605283,5.03894184807921,23.05960357530323,50.50128475961622,2.0468010905728393,1718.6572930302664
4877.210142476396,3.6547616635951927,18.470490299730173,60.72832251010651,5.911303032585165,1556.9389643500087
3092.3913766805954,5.8498835518506755,28.899021778049235,15.674577290701874,1.8613589775334793,3212.197897952707
3517.5945525410502,5.3590350432466565,21.92199453075571,30.35132646734776,3.3156469906719375,2848.594432186832
3782.9947559384686,3.2682330069367787,34.5122040171983,38.948247456411096,8.550302016199351,1655.1991347069904
2818.1642590710926,4.252742327354785,27.81944154690664,47.799468400521086,2.0707580921085524,1325.8830960442167
3510.232320336254,5.6373549226864945,31.449611272687218,13.651899640190699,0.7115828517343281,3520.5584701697435
3337.257247692401,5.834196066874231,17.65049345483697,21.201927804265416,0.690075926128163,3244.085267539931
4604.632041963956,4.402204533749609,32.24028964545245,32.14514462330446,9.407845205031078,3068.6717733218084
1181.7855213658315,4.840234167632123,33.455143810267884,87.72261527208406,5.069204379618347,149.71434904498344
2123.852758368921,3.5011018382762256,24.741238376378718,36.50776056824406,4.094120718170183,1032.0370518339748
4801.645936306235,5.973505878410929,27.12505875501955,48.5632846489666,8.108785810079183,3320.974615316144
4561.055135563665,3.6950151041503303,30.29619601805991,25.687817019071435,8.35825927910516,2789.482144285977
2822.6270111428516,5.828195322405377,18.496772545208252,58.862405686061464,3.321910331156046,1468.3791332404946
3480.5303912061468,4.948939946977106,25.051321529268847,32.45465724127794,6.936180574737953,2612.208410230759
2109.524731924531,4.823210384636577,22.973260555446263,26.559406275074142,7.711228158518866,1690.1968156441224
1752.4846388950452,4.538065533049526,17.92747984324498,51.32581027567832,6.546506868659545,866.1282905452761
2854.7936197599283,3.692009435153276,22.350688445830627,10.440463932833666,1.5159507480009937,2012.3473029139539
2413.4089121042116,3.529584096016525,16.363446187709872,10.613122611938026,8.75883083517057,1739.04987308921
3334.6244474034884,3.661458627210526,15.51623813898974,27.525504728148622,5.390945527360087,1958.4336206114585
1310.9385478599393,3.5593147864327634,17.703325783096457,12.937709000065691,2.8247242637000367,877.1940400744481
4897.579230664665,5.33875342070026,34.26230223178348,18.64206033045531,4.252281854376939,4484.667337706333
4944.842977918412,4.05037577750019,25.99059071790034,37.10885194710013,0.3757109039890738,2644.6062705682743
3792.6468560789804,3.173528029690189,34.3164432230644,74.20685436638503,1.2786680122241756,635.6715034150831
3144.3854653764815,5.907307890422434,23.649957566602637,55.76389146954406,7.655467505158608,1857.6234636803208
2238.110465145311,5.651357654890277,21.23632266170519,51.01341807651331,0.00011634755366141114,1301.1616316278894
4255.180078827794,5.783256849585639,25.122837256804882,33.47910585664973,4.165658284822921,3579.141909300889
3738.924690215517,5.984723467939306,23.790233772658205,84.54029755462531,5.225101810855884,764.4174382065488
1650.4677573795652,3.521685747658462,17.11329368523488,41.76120329897533,0.546344200009723,714.7523910677253
4643.70873797537,4.188726056707976,27.816526293804124,16.96742134366172,9.730781629723328,3679.7867057745416
4290.148971692675,5.274715427112274,19.320763650191992,59.3653212894241,2.261253312496719,1974.6887105970095
4799.199653167696,5.088061854161377,27.39175909795659,19.107071478128113,3.0419871963628085,4233.410323070227
3902.8780335534398,3.461687719019565,28.004021847963067,37.61785142413537,3.0394251225502735,1801.7967134901014
3453.6607837431593,5.447499374971853,18.04049706257296,50.592955097424706,2.304166621173499,1997.0013751216902
2672.9721451624755,3.673321715509982,16.226992542213363,79.93780197481406,0.01473822086311416,413.7282816130287
4730.913933416054,3.6714528444678693,30.615231721368797,49.48372642720949,7.293447940879964,1932.5953510558024
4464.255558001633,4.61092326868024,24.196008475386403,66.18070128253314,9.668454997992853,1603.2548441068875
1180.8746804247576,4.77881980452511,16.163275910109515,89.42534711992563,2.242934832850451,128.1277465027766
1105.467897989008,4.740258623513434,34.89732634339534,20.519129591838528,6.630471918034225,895.7120162742816
2505.853467512198,3.2744605121932646,16.155611219927334,31.97852204156156,7.418963269587151,1259.046425343989
4242.213323127331,5.632382587891141,28.900704577171062,41.56608604781171,8.484253790905248,3131.1652603153752
4949.104517259778,3.7968001277661183,34.67357850526827,43.74625428310651,4.226291970136091,2224.097898945122
1601.6675644141128,3.3885447638484125,19.783602084318513,42.88168602124366,3.0293090564042924,670.7197108478058
3376.5228614085404,5.6662442396069315,17.844987373743923,82.6088802045244,3.252951340230311,721.4633942844072
2523.563426524086,5.86695449468926,17.427698788448577,67.1226115573485,7.126213330985128,1095.0635056634083
4879.657591258412,5.586382851796352,21.06550295135191,58.6324171272563,8.16779466505636,2561.518282567198
4368.475692542835,5.428548224174634,17.020916220212932,34.74981742902257,1.8161396775660266,3308.5010478463146
4353.314818844552,4.965725941917065,28.84322683388264,75.90323073770358,3.7094100815776523,1117.0455470392126
2874.772639179881,4.652572111827418,16.245835962601255,86.40484091879911,9.0194019674915,416.2976887899864
2659.278009350661,3.2609602797342303,25.188442562995796,75.69586260401812,8.066935196947393,477.9408050646426
2093.628287722825,4.225359639212096,34.93393707705954,10.125208415317832,9.848584027624758,1761.18781779518
1225.5019866037085,4.118065551036942,31.279405390120377,60.91210961467256,7.542482596820808,434.31125059557854
4458.889505020213,3.7792613512809785,27.304388764620217,14.090830515368058,3.9319520102792227,3130.544192450498
4251.60403652031,5.170260341065755,21.125072415732234,30.60857762669775,5.906378339946378,3392.441941453197
4998.870693144522,4.487627205236312,27.47791672583277,14.761976027821735,6.610142542473203,4238.515834145655
4986.547348295621,3.243138647722944,25.540829278233034,58.30363623595102,0.7845581631712395,1424.0866073592579
3221.7268224105096,3.6605496058494342,23.52166767780743,64.92719307940854,5.444969591038651,915.9055579248029
4075.949660722042,5.049776290978787,17.614207534803988,19.159011045272408,7.093208284726096,3742.086243588868
4779.0629195297115,3.2283925784709004,32.732084304809334,40.707110643598355,1.6732130400106038,1892.8379730515076
4398.589562709645,5.553620742146306,23.99569297642645,46.498920716443365,7.806317174255572,2958.800652440295
1989.3924069727905,4.485439581041923,18.8924502364153,39.52424174087333,5.8377278051411166,1199.4070348136881
2802.176541240374,4.4417597319799444,22.35518701754579,19.682000038815445,9.522217856975946,2299.2434897118906
1516.6376606059798,4.7772233539785525,23.282595050578543,43.515823214998036,0.42422298206891695,863.0619322016582
4816.204109034889,5.474042897775448,31.550757911337485,70.09424382467344,2.6532613755546697,1655.1156043280162
3424.69853780352,4.043427623706579,29.672287611228043,15.680613162660437,6.015538792998241,2550.9085059506483
1914.5712220138507,5.034048457677191,30.386097872826795,16.414401126552278,2.9655991220593068,1704.4055882659368
3686.8027376234268,4.6971958919873735,15.220625288572943,38.38170334687874,7.144241640712422,2400.968113837975
3472.512961831583,3.801084810508264,23.32307996359523,85.33805692951401,7.59005282521931,437.2545925591453
2432.650872131362,5.635889959065474,24.626883032706473,63.485811737833124,1.0251596406647445,1062.0691156330388
1454.230368798516,5.392278064820784,15.383845536461134,64.29359653380519,5.138544642067677,618.2054837273184
3686.2927823711984,4.975355503975276,20.196264174900683,38.9535992670292,5.088905555910559,2470.871561122751
3081.230803615173,5.551745187282726,30.2057964624427,57.492863296683076,3.6928077021554104,1550.4032051011222
4089.2735669425574,5.601882602879407,17.74219411457998,10.81049472221947,9.32924862569672,4690.828785116284
3080.6540044479734,5.125088930145104,25.706202629051834,60.887683712763376,8.275063198732212,1400.1580811051756
4408.726001274161,5.511039985091016,19.30403744034475,83.06295580609894,6.972093819096368,924.4301101189834
3207.627355097942,5.092414385007851,15.242415492877866,59.005877467585535,7.143266357349976,1506.6536100630763
3243.751886141545,5.040422315280901,19.82402915199083,79.89588747730761,4.617161438131191,722.1404738917931
4506.6144106333795,4.855834134645553,34.517475098201075,67.9178444372875,9.209945210965758,1548.8265456397762
2613.9314648495883,5.258149918672924,31.03074223765979,19.644673312295218,6.945954272532854,2420.5863673471877
1536.060913802563,3.4758153158792213,34.19153288642067,82.19626458286734,7.289810616558165,206.29361219548525
1115.130705253356,5.642612277596785,24.757080878527248,15.31550754846199,8.616909037873452,1215.4206402091222
4020.549022694476,5.615530583235696,17.19472397355007,52.7173978038211,2.74071589342191,2303.241148835732
3481.238205413859,3.0877418491036774,25.95918977947386,21.370969903476613,8.07070903866703,1910.8009615385147
3816.319072396894,5.477450251694288,24.08754669119922,10.936528858472325,1.9524060295649204,3986.020343991245
1851.8566460356428,3.386609602420336,31.88714165479232,43.76274081021112,3.453419522448878,745.1242750320432
1545.485902347079,4.0053565627774255,16.961651615684893,33.6032566123325,3.356104542698427,892.089520189909
1058.1786626715277,5.230524768874823,24.764822740435562,48.88003950380824,9.785254683891406,652.3160751872196
2402.3502352263877,3.4822796881449247,18.000973293879685,56.175990938764066,8.565372237479268,835.8391277533642
3359.6707474185323,5.453901072357187,21.4935185378012,13.499125784715789,7.011698615902597,3561.8450553097728
2568.9761803989295,5.496402533873226,29.747141547755994,19.84026360989965,7.270567616153901,2501.317557423754
2749.899688094916,4.522403201282509,24.52036258737533,54.691391716034026,5.6207279440257105,1249.7849919828163
4616.634777974994,3.0191576151505006,22.517765702915387,37.45338825381266,9.47090667108519,2004.1632894635554
2393.021868093201,3.8611143995247383,22.889525571400707,68.33387900395584,4.962587528823615,644.923239269787
3055.957956639243,4.850780755127227,24.188935368119733,62.18333188735517,3.8051770986989455,1222.0264089267587
4134.6120509645725,5.94355853408227,30.700330876741138,77.64834903919254,1.63035336931591,1145.556509967163
2586.1711292850805,4.895440581050005,32.84169377880469,65.39942613353801,7.86205652261058,961.1246092597804
3488.346800911494,3.7794107431924795,34.10669373007856,44.394486191211854,7.344439320755915,1592.3743610842307
4449.45483498698,4.902017109298834,30.7380677251059,63.837329791554595,3.8435503852413486,1680.5704338458668
4798.082494630568,4.6199561391475665,21.308137914960255,32.03049394043348,0.2519341395922936,3171.9894328768896
1588.2939237161518,5.339536185453431,28.762694121730842,34.505079902257016,8.389973277180108,1245.2721380232827
4706.350500645978,3.320941916480875,23.75206248110784,73.11881279366347,0.11417983454073632,883.3013241388213
2968.465172318153,5.2830837075060835,20.09341244092102,45.71356131212657,7.0369977962905095,1913.656636307856
2032.9775531958335,4.623799736028331,31.817431588518453,73.8704272414682,9.70257109726057,550.4177635014839
2836.5430249530455,5.888976011576984,15.7685269792465,75.79378989346228,4.376613281482035,886.2953180191139
4920.130301141908,4.025616498116058,33.03523984270847,78.6049870129027,2.349734049959528,881.5352487704145
2970.4723759714784,4.8978656794018445,24.22954929249468,83.33081886729659,7.0487101004338175,545.1893804956974
2315.0064411500325,5.796084316530052,27.74402953616561,44.4788176410637,8.171281420155852,1673.7232623212833
3533.6034172669033,3.3075291839720378,28.187078444115656,35.509345465691105,5.464303160778473,1648.0521200322266
1960.5824751127723,5.811685461709353,32.90235481413073,56.575899727529105,9.670352752561461,1103.5121984479003
1303.4533124346558,5.0636571669024395,27.733393643344147,39.69379387501021,0.516687216579611,831.0070407484748
1515.5188876425968,3.203511177315516,27.278671695201236,58.085933344018635,5.047955983045282,444.81322301541314
1512.1833558310898,3.902890700840449,16.3330408112138,66.44686901150597,7.184539473225501,445.7335621270448
1607.6107740491775,5.124516265935845,25.36816043890408,65.07240147937095,8.626404711491789,655.4162113755714
1555.3086905976406,3.202051804406315,18.003380016340834,39.96423096160971,1.7925561190779005,639.131681069774
3563.4989792128586,4.74651138052882,29.748675374429713,23.348816135900226,8.000034817636815,2884.5931997464686
1727.5203375965793,4.03764917085887,25.244438416253487,44.4423470769766,5.527070757185452,857.9341928664445
2382.669133295453,4.862746553302431,28.604555584167066,21.4075315265527,3.965536819899632,1959.4205715513751
4587.153639624047,3.1372261014375384,15.833458012047686,81.20776281470467,1.3171502857909356,575.3999926923143
2895.8465610514895,5.614610418457129,16.695840320916066,37.67019685902859,8.652957589089125,2312.3404498803607
3670.230954084109,5.920466907532191,29.326467761253646,22.356779777865903,1.5727320817971535,3536.451294800027
1689.2794848065193,5.906633565857074,16.441686719973468,12.03582079246007,3.0978785920909924,1900.2748273707434
1769.1560752346832,5.248955495228774,16.42513455530517,61.665790902918744,2.9004553196243688,769.240492467174
1163.4744650659154,3.3902587203918957,15.242169504697749,60.95218539637946,8.714140341908543,351.6347289820758
